signal_date,entry_date,exit_date,asset,weight,days,ret_gross,cost,ret_net,equity_in,equity_out,underlying_ret,max_adverse
2009-01-02,2009-01-05,2009-03-23,BIL,1.0,54,0.00206,0.0,0.00206,1.0,1.0021,0.00206,-0.0024
2009-03-23,2009-03-24,2009-04-13,XLK,1.0,14,0.05021,0.001,0.04914,1.0021,1.0513,0.05021,-0.0519
2009-04-13,2009-04-14,2010-02-03,TECL,0.75,205,0.88988,0.001,0.88795,1.0513,1.9848,1.2547,-0.2196
2010-02-03,2010-02-04,2010-03-05,BIL,1.0,21,-0.00065,0.00075,-0.0014,1.9848,1.982,-0.00065,-0.0007
2010-03-05,2010-03-08,2010-03-12,XLK,1.0,5,0.01973,0.001,0.01872,1.982,2.0191,0.01973,-0.0009
2010-03-12,2010-03-15,2010-05-10,TECL,0.75,40,-0.0057,0.001,-0.0067,2.0191,2.0056,-0.01625,-0.2272
2010-05-10,2010-05-11,2010-08-06,BIL,1.0,62,-0.00044,0.00075,-0.00119,2.0056,2.0032,-0.00044,-0.0007
2010-08-06,2010-08-09,2010-08-16,XLK,1.0,6,-0.04354,0.001,-0.04449,2.0032,1.9141,-0.04354,-0.0517
2010-08-16,2010-08-17,2010-09-15,BIL,1.0,21,0.00022,0.001,-0.00078,1.9141,1.9126,0.00022,-0.0002
2010-09-15,2010-09-16,2010-09-24,XLK,1.0,7,0.03773,0.001,0.0367,1.9126,1.9828,0.03773,-0.0079
2010-09-24,2010-09-27,2010-11-08,TECL,0.75,31,0.22048,0.001,0.21926,1.9828,2.4175,0.30139,-0.041
2010-11-08,2010-11-09,2010-12-07,XLK,1.0,20,-0.01115,0.001,-0.01214,2.4175,2.3882,-0.01115,-0.0495
2010-12-07,2010-12-08,2011-03-21,TECL,0.75,71,0.0358,0.001,0.03478,2.3882,2.4712,0.04072,-0.2059
2011-03-21,2011-03-22,2011-04-04,BIL,1.0,10,-0.00044,0.00075,-0.00119,2.4712,2.4683,-0.00044,-0.0002
2011-04-04,2011-04-05,2011-05-27,TECL,0.75,38,0.01013,0.00075,0.00937,2.4683,2.4914,0.01097,-0.1018
2011-05-27,2011-05-31,2011-07-08,BIL,1.0,28,-0.00022,0.00075,-0.00097,2.4914,2.489,-0.00022,-0.0002
2011-07-08,2011-07-11,2011-07-19,XLK,1.0,7,-0.00076,0.001,-0.00178,2.489,2.4846,-0.00076,-0.015
2011-07-19,2011-07-20,2011-07-20,BIL,1.0,1,-0.00022,0.001,-0.00122,2.4846,2.4815,-0.00022,0.0
2011-07-20,2011-07-21,2011-07-27,XLK,1.0,5,-0.01176,0.001,-0.01274,2.4815,2.4499,-0.01176,-0.0265
2011-07-27,2011-07-28,2011-08-01,BIL,1.0,3,0.0,0.001,-0.001,2.4499,2.4475,0.0,0.0
2011-08-01,2011-08-02,2011-08-02,XLK,1.0,1,-0.02094,0.001,-0.02194,2.4475,2.3938,-0.02094,0.0
2011-08-02,2011-08-03,2011-10-20,BIL,1.0,56,-0.00022,0.001,-0.00122,2.3938,2.3909,-0.00022,-0.0004
2011-10-20,2011-10-21,2011-10-27,XLK,1.0,5,0.04681,0.001,0.04577,2.3909,2.5003,0.04681,-0.0158
2011-10-27,2011-10-28,2011-10-28,BIL,1.0,1,0.0,0.001,-0.001,2.5003,2.4978,0.0,0.0
2011-10-28,2011-10-31,2011-11-09,XLK,1.0,8,-0.03361,0.001,-0.03459,2.4978,2.4114,-0.03361,-0.0347
2011-11-09,2011-11-10,2011-11-16,BIL,1.0,5,0.00022,0.001,-0.00078,2.4114,2.4095,0.00022,-0.0002
2011-11-16,2011-11-17,2011-11-17,XLK,1.0,1,-0.01929,0.001,-0.02029,2.4095,2.3606,-0.01929,0.0
2011-11-17,2011-11-18,2011-11-22,BIL,1.0,3,-0.00022,0.001,-0.00122,2.3606,2.3577,-0.00022,-0.0002
2011-11-22,2011-11-23,2011-11-23,XLK,1.0,1,-0.02386,0.001,-0.02486,2.3577,2.2991,-0.02386,0.0
2011-11-23,2011-11-25,2011-11-25,BIL,1.0,1,0.0,0.001,-0.001,2.2991,2.2968,0.0,0.0
2011-11-25,2011-11-28,2011-11-28,XLK,1.0,1,0.0329,0.001,0.0319,2.2968,2.3701,0.0329,0.0
2011-11-28,2011-11-29,2011-12-08,BIL,1.0,8,-0.00022,0.001,-0.00122,2.3701,2.3672,-0.00022,-0.0002
2011-12-08,2011-12-09,2011-12-30,XLK,1.0,15,-0.00306,0.001,-0.00404,2.3672,2.3576,-0.00306,-0.0458
2011-12-30,2012-01-03,2012-02-09,TECL,0.75,27,0.32809,0.001,0.3268,2.3576,3.1281,0.45766,-0.0158
2012-02-09,2012-02-10,2012-03-09,XLK,1.0,20,0.03329,0.001,0.03225,3.1281,3.229,0.03329,-0.0197
2012-03-09,2012-03-12,2012-03-19,TECL,0.75,6,0.09018,0.001,0.0891,3.229,3.5167,0.12139,-0.0001
2012-03-19,2012-03-20,2012-04-04,XLK,1.0,12,0.0,0.001,-0.001,3.5167,3.5132,0.0,-0.0125
2012-04-04,2012-04-05,2012-05-10,TECL,0.75,25,-0.14447,0.001,-0.14532,3.5132,3.0026,-0.19132,-0.1508
2012-05-10,2012-05-11,2012-05-18,XLK,1.0,6,-0.04185,0.001,-0.04281,3.0026,2.8741,-0.04185,-0.0425
2012-05-18,2012-05-21,2012-08-02,BIL,1.0,52,-0.00022,0.001,-0.00122,2.8741,2.8706,-0.00022,-0.0004
2012-08-02,2012-08-03,2012-08-21,XLK,1.0,13,0.05557,0.001,0.05453,2.8706,3.0271,0.05557,-0.0065
2012-08-21,2012-08-22,2012-10-15,TECL,0.75,38,-0.0334,0.001,-0.03436,3.0271,2.9231,-0.04653,-0.1124
2012-10-15,2012-10-16,2012-10-25,XLK,1.0,8,-0.03757,0.001,-0.03852,2.9231,2.8105,-0.03757,-0.0505
2012-10-25,2012-10-26,2013-02-01,BIL,1.0,65,-0.00022,0.001,-0.00122,2.8105,2.8071,-0.00022,-0.0004
2013-02-01,2013-02-04,2013-02-19,XLK,1.0,11,0.00824,0.001,0.00722,2.8071,2.8273,0.00824,-0.007
2013-02-19,2013-02-20,2014-01-30,TECL,0.75,239,0.40897,0.001,0.40751,2.8273,3.9795,0.55735,-0.1325
2014-01-30,2014-01-31,2014-02-24,BIL,1.0,16,0.0,0.00075,-0.00075,3.9795,3.9765,0.0,-0.0002
2014-02-24,2014-02-25,2014-03-03,XLK,1.0,5,-0.0036,0.001,-0.0046,3.9765,3.9582,-0.0036,-0.0107
2014-03-03,2014-03-04,2014-04-09,TECL,0.75,27,0.03466,0.001,0.03366,3.9582,4.0914,0.04427,-0.0678
2014-04-09,2014-04-10,2014-05-08,BIL,1.0,20,-0.00022,0.00075,-0.00097,4.0914,4.0875,-0.00022,-0.0004
2014-05-08,2014-05-09,2014-05-15,XLK,1.0,5,0.00441,0.001,0.00341,4.0875,4.1014,0.00441,-0.0106
2014-05-15,2014-05-16,2014-10-08,TECL,0.75,101,0.22451,0.001,0.22331,4.1014,5.0173,0.30401,-0.0822
2014-10-08,2014-10-09,2014-11-07,BIL,1.0,22,-0.00022,0.00075,-0.00097,5.0173,5.0125,-0.00022,-0.0002
2014-11-07,2014-11-10,2014-11-13,XLK,1.0,4,0.01175,0.001,0.01074,5.0125,5.0663,0.01175,0.0
2014-11-13,2014-11-14,2014-12-18,TECL,0.75,24,0.02009,0.001,0.01908,5.0663,5.163,0.02415,-0.1376
2014-12-18,2014-12-19,2015-01-20,BIL,1.0,20,-0.00022,0.00075,-0.00097,5.163,5.158,-0.00022,-0.0002
2015-01-20,2015-01-21,2015-01-27,XLK,1.0,5,-0.01547,0.001,-0.01645,5.158,5.0731,-0.01547,-0.033
2015-01-27,2015-01-28,2015-02-06,BIL,1.0,8,-0.00022,0.001,-0.00122,5.0731,5.067,-0.00022,-0.0002
2015-02-06,2015-02-09,2015-02-23,XLK,1.0,10,0.04891,0.001,0.04786,5.067,5.3094,0.04891,0.0
2015-02-23,2015-02-24,2015-07-02,TECL,0.75,91,-0.06755,0.001,-0.06848,5.3094,4.9459,-0.09522,-0.1101
2015-07-02,2015-07-06,2015-10-14,BIL,1.0,72,-0.00044,0.00075,-0.00119,4.9459,4.94,-0.00044,-0.0004
2015-10-14,2015-10-15,2015-11-09,XLK,1.0,18,0.06165,0.001,0.06061,4.94,5.2394,0.06165,-0.0102
2015-11-09,2015-11-10,2015-12-24,TECL,0.75,32,-0.03057,0.001,-0.03155,5.2394,5.0741,-0.04461,-0.1091
2015-12-24,2015-12-28,2015-12-29,XLK,1.0,2,0.01295,0.001,0.01194,5.0741,5.1346,0.01295,0.0
2015-12-29,2015-12-30,2016-01-05,BIL,1.0,4,0.00022,0.001,-0.00078,5.1346,5.1306,0.00022,-0.0002
2016-01-05,2016-01-06,2016-01-07,XLK,1.0,2,-0.04151,0.001,-0.04248,5.1306,4.9127,-0.04151,-0.0295
2016-01-07,2016-01-08,2016-03-07,BIL,1.0,40,0.00022,0.001,-0.00078,4.9127,4.9089,0.00022,-0.0004
2016-03-07,2016-03-08,2016-04-11,XLK,1.0,24,0.04343,0.001,0.04238,4.9089,5.1169,0.04343,-0.0208
2016-04-11,2016-04-12,2016-05-11,TECL,0.75,22,-0.06795,0.001,-0.06887,5.1169,4.7645,-0.09076,-0.1285
2016-05-11,2016-05-12,2016-05-31,XLK,1.0,13,0.04001,0.001,0.03897,4.7645,4.9502,0.04001,-0.0136
2016-05-31,2016-06-01,2016-06-17,TECL,0.75,13,-0.04989,0.001,-0.05085,4.9502,4.6985,-0.06621,-0.0549
2016-06-17,2016-06-20,2016-07-18,XLK,1.0,20,0.0525,0.001,0.05145,4.6985,4.9402,0.0525,-0.0578
2016-07-18,2016-07-19,2017-02-21,TECL,0.75,150,0.38625,0.001,0.38486,4.9402,6.8415,0.53332,-0.0927
2017-02-21,2017-02-22,2017-03-08,XLK,1.0,11,0.00724,0.001,0.00624,6.8415,6.8842,0.00724,-0.0066
2017-03-08,2017-03-09,2017-05-11,TECL,0.75,45,0.11676,0.001,0.11564,6.8842,7.6803,0.15706,-0.0435
2017-05-11,2017-05-12,2017-05-23,XLK,1.0,8,0.0065,0.001,0.00549,7.6803,7.7225,0.0065,-0.0273
2017-05-23,2017-05-24,2017-06-09,TECL,0.75,12,0.00729,0.001,0.00629,7.7225,7.771,0.00857,-0.0569
2017-06-09,2017-06-12,2017-06-15,BIL,1.0,4,-0.00022,0.00075,-0.00097,7.771,7.7635,-0.00022,-0.0002
2017-06-15,2017-06-16,2017-06-29,TECL,0.75,10,-0.02561,0.00075,-0.02635,7.7635,7.5589,-0.03535,-0.0602
2017-06-29,2017-06-30,2017-07-11,BIL,1.0,7,0.00033,0.00075,-0.00042,7.5589,7.5558,0.00033,-0.0002
2017-07-11,2017-07-12,2017-07-12,XLK,1.0,1,0.01297,0.001,0.01197,7.5558,7.6462,0.01297,0.0
2017-07-12,2017-07-13,2017-07-18,BIL,1.0,4,0.00022,0.001,-0.00078,7.6462,7.6402,0.00022,-0.0002
2017-07-18,2017-07-19,2017-08-01,XLK,1.0,10,0.0056,0.001,0.0046,7.6402,7.6754,0.0056,-0.0097
2017-08-01,2017-08-02,2017-11-02,TECL,0.75,66,0.2258,0.001,0.22458,7.6754,9.3992,0.30629,-0.0473
2017-11-02,2017-11-03,2017-11-15,XLK,1.0,9,-0.00175,0.001,-0.00274,9.3992,9.3734,-0.00175,-0.0177
2017-11-15,2017-11-16,2017-12-06,TECL,0.75,14,-0.00272,0.001,-0.00368,9.3734,9.3389,-0.00524,-0.0765
2017-12-06,2017-12-07,2017-12-08,BIL,1.0,2,0.00022,0.00075,-0.00053,9.3389,9.334,0.00022,0.0
2017-12-08,2017-12-11,2017-12-11,XLK,1.0,1,0.00865,0.001,0.00765,9.334,9.4054,0.00865,0.0
2017-12-11,2017-12-12,2017-12-14,BIL,1.0,3,0.00011,0.001,-0.00089,9.4054,9.397,0.00011,-0.0001
2017-12-14,2017-12-15,2018-01-04,XLK,1.0,13,0.02785,0.001,0.02684,9.397,9.6491,0.02785,-0.0181
2018-01-04,2018-01-05,2018-02-02,TECL,0.75,20,0.02364,0.001,0.02264,9.6491,9.8676,0.02895,-0.0875
2018-02-02,2018-02-05,2018-04-25,BIL,1.0,56,0.003,0.00075,0.00225,9.8676,9.8898,0.003,-0.0002
2018-04-25,2018-04-26,2018-04-26,XLK,1.0,1,0.0182,0.001,0.0172,9.8898,10.0599,0.0182,0.0
2018-04-26,2018-04-27,2018-05-17,BIL,1.0,15,0.00084,0.001,-0.00016,10.0599,10.0584,0.00084,-0.0001
2018-05-17,2018-05-18,2018-10-16,TECL,0.75,105,0.06772,0.00075,0.06691,10.0584,10.7314,0.07542,-0.206
2018-10-16,2018-10-17,2019-02-08,BIL,1.0,78,0.00687,0.00075,0.00612,10.7314,10.7971,0.00687,-0.0001
2019-02-08,2019-02-11,2019-03-07,XLK,1.0,18,0.02692,0.001,0.02589,10.7971,11.0766,0.02692,-0.0213
2019-03-07,2019-03-08,2019-04-24,TECL,0.75,33,0.3139,0.001,0.31258,11.0766,14.539,0.43332,-0.0629
2019-04-24,2019-04-25,2019-05-07,XLK,1.0,9,-0.02954,0.001,-0.03051,14.539,14.0954,-0.02954,-0.0293
2019-05-07,2019-05-08,2019-05-23,TECL,0.75,12,-0.09904,0.001,-0.09994,14.0954,12.6866,-0.13312,-0.0964
2019-05-23,2019-05-24,2019-06-13,XLK,1.0,14,0.04763,0.001,0.04658,12.6866,13.2776,0.04763,-0.0364
2019-06-13,2019-06-14,2019-08-13,TECL,0.75,42,0.06879,0.001,0.06769,13.2776,14.1764,0.08366,-0.1845
2019-08-13,2019-08-14,2019-09-10,XLK,1.0,19,0.0136,0.001,0.01256,14.1764,14.3544,0.0136,-0.0354
2019-09-10,2019-09-11,2019-10-23,TECL,0.75,31,0.00576,0.001,0.00477,14.3544,14.4229,0.00343,-0.0904
2019-10-23,2019-10-24,2019-10-30,XLK,1.0,5,0.03678,0.001,0.03576,14.4229,14.9386,0.03678,-0.0091
2019-10-30,2019-10-31,2020-01-23,TECL,0.75,57,0.41646,0.001,0.41504,14.9386,21.1387,0.58426,-0.0562
2020-01-23,2020-01-24,2020-01-31,XLK,1.0,6,-0.02615,0.001,-0.02713,21.1387,20.5652,-0.02615,-0.0274
2020-01-31,2020-02-03,2020-02-10,TECL,0.75,6,0.13678,0.001,0.13567,20.5652,23.3553,0.18474,-0.0198
2020-02-10,2020-02-11,2020-02-20,XLK,1.0,7,0.00673,0.001,0.00572,23.3553,23.4889,0.00673,-0.0104
2020-02-20,2020-02-21,2020-05-08,BIL,1.0,55,0.00212,0.001,0.00112,23.4889,23.5152,0.00212,-0.0008
2020-05-08,2020-05-11,2020-06-19,XLK,1.0,29,0.07871,0.001,0.07764,23.5152,25.3409,0.07871,-0.0573
2020-06-19,2020-06-22,2020-09-01,TECL,0.75,51,0.58149,0.001,0.57998,25.3409,40.038,0.82326,-0.0869
2020-09-01,2020-09-02,2020-11-03,XLK,1.0,44,-0.09975,0.001,-0.10064,40.038,36.0085,-0.09975,-0.1269
2020-11-03,2020-11-04,2020-11-10,BIL,1.0,5,-0.00011,0.001,-0.00111,36.0085,35.9686,-0.00011,-0.0001
2020-11-10,2020-11-11,2020-12-04,XLK,1.0,17,0.06408,0.001,0.06304,35.9686,38.236,0.06408,-0.0187
2020-12-04,2020-12-07,2021-03-15,TECL,0.75,67,0.10452,0.001,0.10342,38.236,42.1904,0.12526,-0.2022
2021-03-15,2021-03-16,2021-04-07,XLK,1.0,16,0.04444,0.001,0.0434,42.1904,44.0217,0.04444,-0.0315
2021-04-07,2021-04-08,2021-12-07,TECL,0.75,170,0.59325,0.001,0.5917,44.0217,70.0694,0.82413,-0.1835
2021-12-07,2021-12-08,2022-01-10,BIL,1.0,23,-0.00011,0.00075,-0.00086,70.0694,70.0092,-0.00011,-0.0002
2022-01-10,2022-01-11,2022-01-24,XLK,1.0,9,-0.06526,0.001,-0.06618,70.0092,65.376,-0.06526,-0.0854
2022-01-24,2022-01-25,2022-08-02,BIL,1.0,131,0.00178,0.001,0.00078,65.376,65.4271,0.00178,-0.0003
2022-08-02,2022-08-03,2022-09-06,XLK,1.0,24,-0.07642,0.001,-0.07732,65.4271,60.3681,-0.07642,-0.1293
2022-09-06,2022-09-07,2023-01-26,BIL,1.0,98,0.0128,0.001,0.01179,60.3681,61.08,0.0128,-0.0003
2023-01-26,2023-01-27,2023-03-02,TECL,0.75,24,0.00417,0.00075,0.00342,61.08,61.2889,-0.00141,-0.1333
2023-03-02,2023-03-03,2023-03-20,XLK,1.0,12,0.04852,0.001,0.0475,61.2889,64.1999,0.04852,-0.0358
2023-03-20,2023-03-21,2023-08-10,TECL,0.75,99,0.36763,0.001,0.36629,64.1999,87.7156,0.48779,-0.1524
2023-08-10,2023-08-11,2023-09-05,XLK,1.0,17,0.05168,0.001,0.05062,87.7156,92.1561,0.05168,-0.0286
2023-09-05,2023-09-06,2023-09-18,TECL,0.75,9,-0.09274,0.001,-0.09367,92.1561,83.524,-0.12342,-0.0796
2023-09-18,2023-09-19,2023-09-26,XLK,1.0,6,-0.04358,0.001,-0.04453,83.524,79.8043,-0.04358,-0.0431
2023-09-26,2023-09-27,2023-11-08,BIL,1.0,31,0.00626,0.001,0.00526,79.8043,80.2238,0.00626,0.0
2023-11-08,2023-11-09,2023-11-29,XLK,1.0,14,0.05189,0.001,0.05083,80.2238,84.3015,0.05189,-0.0081
2023-11-29,2023-11-30,2024-02-27,TECL,0.75,60,0.23829,0.001,0.23705,84.3015,104.2853,0.31409,-0.1045
2024-02-27,2024-02-28,2024-03-05,XLK,1.0,5,-0.00044,0.001,-0.00144,104.2853,104.135,-0.00044,-0.0246
2024-03-05,2024-03-06,2024-03-21,BIL,1.0,12,0.00262,0.001,0.00162,104.135,104.3038,0.00262,0.0
2024-03-21,2024-03-22,2024-03-27,XLK,1.0,4,-0.00534,0.001,-0.00633,104.3038,103.6434,-0.00534,-0.0107
2024-03-27,2024-03-28,2024-04-23,TECL,0.75,18,-0.13001,0.001,-0.13088,103.6434,90.0782,-0.17299,-0.1739
2024-04-23,2024-04-24,2024-05-13,BIL,1.0,14,0.00282,0.00075,0.00206,90.0782,90.2642,0.00282,0.0
2024-05-13,2024-05-14,2024-05-23,XLK,1.0,8,0.03331,0.001,0.03229,90.2642,93.1789,0.03331,-0.0081
2024-05-23,2024-05-24,2024-06-24,TECL,0.75,20,0.09002,0.001,0.08895,93.1789,101.4674,0.11659,-0.0829
2024-06-24,2024-06-25,2024-06-28,BIL,1.0,4,0.00065,0.00075,-0.0001,101.4674,101.4576,0.00065,0.0
2024-06-28,2024-07-01,2024-07-17,TECL,0.75,12,-0.02611,0.00075,-0.02683,101.4576,98.7358,-0.03871,-0.1244
2024-07-17,2024-07-18,2024-09-25,BIL,1.0,49,0.01031,0.00075,0.00955,98.7358,99.6792,0.01031,0.0
2024-09-25,2024-09-26,2024-10-29,XLK,1.0,24,0.04045,0.001,0.03942,99.6792,103.6085,0.04045,-0.0306
2024-10-29,2024-10-30,2025-01-28,TECL,0.75,60,-0.03224,0.001,-0.03325,103.6085,100.1638,-0.06018,-0.139
2025-01-28,2025-01-29,2025-01-30,BIL,1.0,2,0.00022,0.00075,-0.00053,100.1638,100.1106,0.00022,0.0
2025-01-30,2025-01-31,2025-02-11,TECL,0.75,8,0.03709,0.00075,0.0363,100.1106,103.7444,0.04819,-0.0304
2025-02-11,2025-02-12,2025-02-28,XLK,1.0,12,-0.0457,0.001,-0.04665,103.7444,98.9043,-0.0457,-0.0809
2025-02-28,2025-03-03,2025-05-16,BIL,1.0,54,0.0088,0.001,0.00779,98.9043,99.675,0.0088,0.0
2025-05-16,2025-05-19,2025-06-17,XLK,1.0,21,0.02737,0.001,0.02635,99.675,102.301,0.02737,-0.033
2025-06-17,2025-06-18,2025-11-19,TECL,0.75,108,0.35233,0.001,0.35099,102.301,138.2074,0.46553,-0.183
2025-11-19,2025-11-20,2025-12-11,XLK,1.0,15,0.05328,0.001,0.05219,138.2074,145.4207,0.05328,-0.0051
2025-12-11,2025-12-12,2026-01-27,TECL,0.75,30,-0.01015,0.001,-0.01121,145.4207,143.7906,-0.01989,-0.0773
2026-01-27,2026-01-28,2026-02-09,XLK,1.0,9,-0.03175,0.001,-0.03271,143.7906,139.0877,-0.03175,-0.0911
2026-02-09,2026-02-10,2026-04-20,BIL,1.0,48,0.00687,0.001,0.00587,139.0877,139.9037,0.00687,-0.0001
2026-04-20,2026-04-21,2026-04-23,XLK,1.0,3,0.00828,0.001,0.00727,139.9037,140.9214,0.00828,-0.0142
2026-04-23,2026-04-24,2026-04-24,BIL,1.0,1,0.00022,0.001,-0.00078,140.9214,140.8113,0.00022,0.0
2026-04-24,2026-04-27,2026-05-04,XLK,1.0,6,0.01142,0.001,0.01041,140.8113,142.2774,0.01142,-0.0169
2026-05-04,2026-05-05,2026-05-11,TECL,0.75,5,0.22742,0.001,0.22625,142.2774,174.4673,0.31048,-0.005
2026-05-11,2026-05-12,2026-05-19,XLK,1.0,6,-0.02609,0.001,-0.02707,174.4673,169.7438,-0.02609,-0.0349
2026-05-19,2026-05-20,2026-05-21,BIL,1.0,2,0.00022,0.001,-0.00078,169.7438,169.611,0.00022,0.0
2026-05-21,2026-05-22,2026-06-05,XLK,1.0,10,0.00952,0.001,0.00852,169.611,171.056,0.00952,-0.0904
2026-06-05,2026-06-08,2026-07-29,BIL,1.0,36,0.00501,0.001,0.00401,171.056,171.7415,0.00501,-0.0001
2026-07-29,2026-07-30,2026-07-30,XLK,1.0,1,0.05499,0.001,0.05399,171.7415,181.0142,0.05499,0.0
2026-07-30,2026-07-31,2026-08-13,BIL,1.0,10,0.00145,0.001,0.00045,181.0142,181.0962,0.00145,0.0
